"TestNumber","Timestamp","Total","ReturnedOffset0","ReturnedOffset100","HasMore","JobSetChanged","AddedCount","RemovedCount","FirstJobId","LastJobId"
"1","2026-09-21 02:42:50","103","0","0","True","False","0","0","",""
"2","2026-09-21 02:47:50","38930","0","0","True","False","0","0","",""
"3","2026-09-21 02:52:51","38930","0","0","True","False","0","0","",""
"4","2026-09-21 02:57:52","103","0","0","True","False","0","0","",""
"5","2026-09-21 03:02:53","103","0","0","True","False","0","0","",""
"6","2026-09-21 03:07:54","39694","0","0","True","False","0","0","",""
"7","2026-09-21 03:12:54","39694","0","0","True","False","0","0","",""
"8","2026-09-21 03:17:55","39694","0","0","True","False","0","0","",""
"9","2026-09-21 03:23:00","103","0","0","True","False","0","0","",""
"10","2026-09-21 03:28:00","103","0","0","True","False","0","0","",""
